{"cameraMode":{"drawMode":0,"name":"Shaded","section":"Shading Mode"},"sceneLighting":false,"audioPlay":false,"sceneViewState":{"m_AlwaysRefresh":false,"showFog":true,"showSkybox":false,"showFlares":true,"showImageEffects":true,"showParticleSystems":true,"showVisualEffectGraphs":true,"m_FxEnabled":true},"in2DMode":false,"pivot":{"x":-0.015143752098083496,"y":0.6541955471038818,"z":-0.2893304228782654},"rotation":{"x":-0.11326330900192261,"y":0.7440022230148315,"z":-0.1305575668811798,"w":-0.6454635858535767},"size":1.8104634284973145,"orthographic":false}