{"cameraMode":{"drawMode":0,"name":"Shaded","section":"Shading Mode"},"sceneLighting":false,"audioPlay":false,"sceneViewState":{"m_AlwaysRefresh":false,"showFog":true,"showSkybox":false,"showFlares":true,"showImageEffects":true,"showParticleSystems":true,"showVisualEffectGraphs":true,"m_FxEnabled":true},"in2DMode":false,"pivot":{"x":-0.1903548389673233,"y":2.2455344200134279,"z":1.627009630203247},"rotation":{"x":-0.33340463042259219,"y":-0.005674568936228752,"z":0.0019920121412724258,"w":-0.9427922368049622},"size":1.3170433044433594,"orthographic":false}